{
  "results": {
    "Word2Vec": {
      "f1": 0.19085603149099625,
      "map": 0.20095521541950112
    },
    "TF-IDF": {
      "f1": 0.2862957819810341,
      "map": 0.36014169472502805
    },
    "Doc2Vec": {
      "f1": 0.2638700271099696,
      "map": 0.28397541887125216
    },
    "BM25": {
      "f1": 0.33420148615001555,
      "map": 0.36367945326278656
    },
    "BERT": {
      "f1": 0.08444533049796209,
      "map": 0.044045781893004114
    }
  },
  "last_calculated": "2025-06-03T07:04:56.281376"
}