{
  "results": {
    "Word2Vec": {
      "f1": 0.2787822295793311,
      "map": 0.2479769007447579
    },
    "TF-IDF": {
      "f1": 0.4676021031331863,
      "map": 0.3721542731959399
    },
    "Doc2Vec": {
      "f1": 0.4017908929503133,
      "map": 0.3570295957349528
    },
    "BM25": {
      "f1": 0.44874023185617395,
      "map": 0.4598921911421911
    }
  },
  "last_calculated": "2025-06-03T06:14:12.729301"
}