{
  "results": {
    "Word2Vec": {
      "f1": 0.13533333333333336,
      "map": 0.0
    },
    "TF-IDF": {
      "f1": 0.35782148407148406,
      "map": 0.0009259259259259259
    },
    "Doc2Vec": {
      "f1": 0.24018172568172566,
      "map": 0.0006944444444444444
    },
    "BM25": {
      "f1": 0.27553516694033936,
      "map": 0.0010416666666666667
    },
    "BERT": {
      "f1": 0.1564069264069264,
      "map": 0.0009259259259259259
    }
  },
  "last_calculated": "2025-06-03T03:39:27.057072"
}