{
  "results": {
    "Word2Vec": {
      "f1": 0.13661857330655997,
      "map": 0.0
    },
    "TF-IDF": {
      "f1": 0.26059853332100275,
      "map": 0.010942760942760942
    },
    "Doc2Vec": {
      "f1": 0.24006295109743386,
      "map": 0.010642135642135642
    },
    "BM25": {
      "f1": 0.3111075036075036,
      "map": 0.006132756132756132
    }
  },
  "last_calculated": "2025-06-03T04:29:20.055414"
}