{
  "results": {
    "Word2Vec": {
      "f1": 0.13533333333333333,
      "map": 0.0
    },
    "TF-IDF": {
      "f1": 0.35782148407148406,
      "map": 0.0009259259259259259
    },
    "Doc2Vec": {
      "f1": 0.24684839234839231,
      "map": 0.0006410256410256411
    },
    "BM25": {
      "f1": 0.2755351669403393,
      "map": 0.0010416666666666667
    },
    "BERT": {
      "f1": 0.1564069264069264,
      "map": 0.0009259259259259259
    },
    "TF-IDF+BERT": {
      "f1": 0.0,
      "map": 0.0
    }
  },
  "last_calculated": "2025-06-03T02:53:34.464998"
}