{
  "results": {
    "Word2Vec": {
      "f1": 0.06325757575757575,
      "map": 0.0010416666666666667
    },
    "TF-IDF": {
      "f1": 0.2908799125710891,
      "map": 0.0020833333333333333
    },
    "Doc2Vec": {
      "f1": 0.2131779984721161,
      "map": 0.0011574074074074073
    },
    "BM25": {
      "f1": 0.3161324378236143,
      "map": 0.001488095238095238
    }
  },
  "last_calculated": "2025-06-02T22:55:25.592636"
}