{
  "results": {
    "Word2Vec": {
      "f1": 0.22694444444444448,
      "map": 0.2061111111111111
    },
    "TF-IDF": {
      "f1": 0.47494596999745736,
      "map": 0.3669775132275132
    },
    "Doc2Vec": {
      "f1": 0.365515873015873,
      "map": 0.3120734126984127
    },
    "BM25": {
      "f1": 0.44989177489177495,
      "map": 0.4348875661375662
    },
    "BERT": {
      "f1": 0.35833333333333334,
      "map": 0.25793650793650796
    },
    "TF-IDF+BERT": {
      "f1": 0.48,
      "map": 0.44318121693121687
    }
  },
  "last_calculated": "2025-06-05T14:30:13.450567"
}