{
  "results": {
    "Word2Vec": {
      "f1": 0.2118800270301939,
      "map": 0.22619844080883042
    },
    "TF-IDF": {
      "f1": 0.36988651313406096,
      "map": 0.32821734662643753
    },
    "Doc2Vec": {
      "f1": 0.2454894026584794,
      "map": 0.253507696007696
    },
    "BM25": {
      "f1": 0.31110750360750355,
      "map": 0.35207130832130834
    },
    "BERT": {
      "f1": 0.0,
      "map": 0.0
    },
    "TF-IDF+BERT": {
      "f1": 0.0,
      "map": 0.0
    }
  },
  "last_calculated": "2025-06-03T04:43:25.633727"
}