{
  "results": {
    "Word2Vec": {
      "f1": 0.22607826687536833,
      "map": 0.2101588391766963
    },
    "TF-IDF": {
      "f1": 0.44769657006975844,
      "map": 0.3584734517026183
    },
    "Doc2Vec": {
      "f1": 0.34876363035783325,
      "map": 0.2891121031746032
    },
    "BM25": {
      "f1": 0.4346376677536099,
      "map": 0.43983876848460185
    },
    "BERT": {
      "f1": 0.08590035695298853,
      "map": 0.042283950617283954
    }
  },
  "last_calculated": "2025-06-03T07:45:11.638617"
}